libro,lector,correo,puesto,esperando_dias
La biblioteca de medievo,Ana Lectora,lector-qa-muv30k8k@local,1,1
La biblioteca de medievo,Administrador,admin@local,1,1
La biblioteca de medievo,Ana Lectora,lector-qa-muv3w8ph@local,1,1
La biblioteca de medievo,Ana Lectora,lector-qa-muv4lzk9@local,1,1
Rayuela,Administrador,admin@local,1,1
Rayuela,Administrador,admin@local,1,1
Rayuela,Administrador,admin@local,1,1
Rayuela,Administrador,admin@local,1,1
Rayuela,Ana Lectora,lector-qa-muv30k8k@local,2,1
Rayuela,Ana Lectora,lector-qa-muv30k8k@local,2,1
Rayuela,Ana Lectora,lector-qa-muv30k8k@local,2,1
Rayuela,Ana Lectora,lector-qa-muv30k8k@local,2,1
Rayuela,Ana Lectora,lector-qa-muv30k8k@local,3,1
Rayuela,Ana Lectora,lector-qa-muv3w8ph@local,3,1
Rayuela,Ana Lectora,lector-qa-muv30k8k@local,3,1
Rayuela,Ana Lectora,lector-qa-muv30k8k@local,3,1
Rayuela,Ana Lectora,lector-qa-muv3w8ph@local,4,1
Rayuela,Ana Lectora,lector-qa-muv30k8k@local,4,1
Rayuela,Ana Lectora,lector-qa-muv30k8k@local,4,1
Rayuela,Ana Lectora,lector-qa-muv4lzk9@local,4,1
Rayuela,Ana Lectora,lector-qa-muv30k8k@local,5,1
Rayuela,Ana Lectora,lector-qa-muv3w8ph@local,5,1
Rayuela,Ana Lectora,lector-qa-muv30k8k@local,5,1
Rayuela,Ana Lectora,lector-qa-muv3w8ph@local,6,1
Rayuela,Ana Lectora,lector-qa-muv4lzk9@local,6,1
Rayuela,Ana Lectora,lector-qa-muv30k8k@local,6,1
Rayuela,Ana Lectora,lector-qa-muv3w8ph@local,7,1
Rayuela,Ana Lectora,lector-qa-muv4lzk9@local,7,1
Rayuela,Ana Lectora,lector-qa-muv30k8k@local,7,1
Rayuela,Ana Lectora,lector-qa-muv30k8k@local,8,1
Rayuela,Ana Lectora,lector-qa-muv3w8ph@local,8,1
Rayuela,Ana Lectora,lector-qa-muv30k8k@local,9,1
Rayuela,Ana Lectora,lector-qa-muv3w8ph@local,9,1
Rayuela,Ana Lectora,lector-qa-muv4lzk9@local,10,1
Rayuela,Ana Lectora,lector-qa-muv3w8ph@local,10,1
Rayuela,Ana Lectora,lector-qa-muv3w8ph@local,11,1
Rayuela,Ana Lectora,lector-qa-muv4lzk9@local,11,1
Rayuela,Ana Lectora,lector-qa-muv3w8ph@local,12,1
Rayuela,Ana Lectora,lector-qa-muv4lzk9@local,12,1
Rayuela,Ana Lectora,lector-qa-muv4lzk9@local,13,1
Rayuela,Ana Lectora,lector-qa-muv3w8ph@local,13,1
Rayuela,Ana Lectora,lector-qa-muv3w8ph@local,14,1
Rayuela,Ana Lectora,lector-qa-muv3w8ph@local,15,1
Rayuela,Ana Lectora,lector-qa-muv3w8ph@local,16,1
Rayuela,Ana Lectora,lector-qa-muv3w8ph@local,17,1
Rayuela,Ana Lectora,lector-qa-muv4lzk9@local,18,1
Rayuela,Ana Lectora,lector-qa-muv4lzk9@local,19,1
Rayuela,Ana Lectora,lector-qa-muv4lzk9@local,20,1
Rayuela,Ana Lectora,lector-qa-muv4lzk9@local,21,1
Rayuela,Ana Lectora,lector-qa-muv4lzk9@local,22,1
Rayuela,Ana Lectora,lector-qa-muv4lzk9@local,23,1
Rayuela,Ana Lectora,lector-qa-muv4lzk9@local,24,1
Rayuela,Ana Lectora,lector-qa-muv4lzk9@local,25,1
